,State,Year,sum
892,Montana,1982,1
296,District of Columbia,2001,1
316,Florida,1991,1
899,Montana,1990,1
33,Alabama,2014,1
1179,North Dakota,1994,1
896,Montana,1986,2
32,Alabama,2013,2
31,Alabama,2012,2
1193,North Dakota,2008,3
1174,North Dakota,1989,3
1061,New Mexico,1981,4
1176,North Dakota,1991,4
1185,North Dakota,2000,4
1410,South Dakota,1980,5
1175,North Dakota,1990,5
1180,North Dakota,1995,5
1552,Vermont,1982,5
1427,South Dakota,1997,5
1187,North Dakota,2002,5
1426,South Dakota,1996,6
1422,South Dakota,1992,6
1553,Vermont,1983,6
1564,Vermont,1994,6
1167,North Dakota,1982,6
1428,South Dakota,1998,6
1580,Vermont,2010,7
1191,North Dakota,2006,7
1571,Vermont,2001,7
1170,North Dakota,1985,7
1171,North Dakota,1986,7
658,Maine,1993,7
1182,North Dakota,1997,7
1183,North Dakota,1998,7
1184,North Dakota,1999,7
1430,South Dakota,2000,8
1419,South Dakota,1989,8
1188,North Dakota,2003,8
1754,Wyoming,2010,8
1189,North Dakota,2004,8
1579,Vermont,2009,8
1567,Vermont,1997,9
1424,South Dakota,1994,9
259,Delaware,1995,9
1551,Vermont,1981,9
1750,Wyoming,2006,9
1415,South Dakota,1985,9
1195,North Dakota,2010,9
1194,North Dakota,2009,9
1550,Vermont,1980,9
1186,North Dakota,2001,9
1165,North Dakota,1980,9
1414,South Dakota,1984,10
1431,South Dakota,2001,10
1575,Vermont,2005,10
1752,Wyoming,2008,10
1582,Vermont,2012,10
1172,North Dakota,1987,10
1570,Vermont,2000,10
1411,South Dakota,1981,10
1436,South Dakota,2006,11
1731,Wyoming,1987,11
1433,South Dakota,2003,11
1559,Vermont,1989,11
1745,Wyoming,2001,11
905,Montana,1999,11
1417,South Dakota,1987,11
1584,Vermont,2014,11
1583,Vermont,2013,11
1190,North Dakota,2005,11
1178,North Dakota,1993,11
1581,Vermont,2011,11
1198,North Dakota,2013,11
1019,New Hampshire,2009,11
1017,New Hampshire,2007,11
1013,New Hampshire,2003,11
1562,Vermont,1992,11
1413,South Dakota,1983,11
1181,North Dakota,1996,11
904,Montana,1998,11
1016,New Hampshire,2006,12
1744,Wyoming,2000,12
1558,Vermont,1988,12
1556,Vermont,1986,12
1421,South Dakota,1991,12
1568,Vermont,1998,12
1739,Wyoming,1995,12
1753,Wyoming,2009,12
906,Montana,2000,12
1177,North Dakota,1992,12
995,New Hampshire,1984,12
1432,South Dakota,2002,12
1572,Vermont,2002,13
1565,Vermont,1995,13
1563,Vermont,1993,13
1577,Vermont,2007,13
1418,South Dakota,1988,13
1018,New Hampshire,2008,13
1743,Wyoming,1999,13
1443,South Dakota,2013,13
1748,Wyoming,2004,13
1425,South Dakota,1995,13
1173,North Dakota,1988,13
908,Montana,2002,13
1169,North Dakota,1984,13
1192,North Dakota,2007,13
1020,New Hampshire,2010,13
1196,North Dakota,2011,14
1197,North Dakota,2012,14
1560,Vermont,1990,14
1576,Vermont,2006,14
1014,New Hampshire,2004,14
1012,New Hampshire,2002,14
1420,South Dakota,1990,14
1429,South Dakota,1999,14
1554,Vermont,1984,14
1561,Vermont,1991,14
258,Delaware,1994,14
1758,Wyoming,2014,14
1732,Wyoming,1988,14
1168,North Dakota,1983,15
1573,Vermont,2003,15
1010,New Hampshire,2000,15
946,Nebraska,2005,15
1199,North Dakota,2014,15
665,Maine,2000,15
19,Alabama,1999,15
409,Hawaii,2014,15
1022,New Hampshire,2012,15
1435,South Dakota,2005,15
1166,North Dakota,1981,15
913,Montana,2007,15
1437,South Dakota,2007,15
1735,Wyoming,1991,15
919,Montana,2013,16
1566,Vermont,1996,16
667,Maine,2002,16
1008,New Hampshire,1998,16
1442,South Dakota,2012,16
1574,Vermont,2004,16
668,Maine,2003,16
1557,Vermont,1987,16
903,Montana,1997,16
1005,New Hampshire,1994,16
1746,Wyoming,2002,16
1024,New Hampshire,2014,16
1434,South Dakota,2004,16
261,Delaware,1997,16
1412,South Dakota,1982,16
947,Nebraska,2006,17
1578,Vermont,2008,17
1747,Wyoming,2003,17
1440,South Dakota,2010,17
1756,Wyoming,2012,17
430,Idaho,2000,17
421,Idaho,1991,17
1742,Wyoming,1998,17
1757,Wyoming,2013,17
1021,New Hampshire,2011,17
1006,New Hampshire,1995,17
1555,Vermont,1985,17
1749,Wyoming,2005,17
1416,South Dakota,1986,18
1737,Wyoming,1993,18
657,Maine,1990,18
1751,Wyoming,2007,18
1740,Wyoming,1996,18
1015,New Hampshire,2005,18
1439,South Dakota,2009,18
996,New Hampshire,1985,18
1741,Wyoming,1997,18
900,Montana,1991,18
669,Maine,2004,18
1003,New Hampshire,1992,19
935,Nebraska,1994,19
1011,New Hampshire,2001,19
1367,Rhodes Island,2007,19
902,Montana,1995,19
994,New Hampshire,1983,19
897,Montana,1988,19
1441,South Dakota,2011,19
917,Montana,2011,19
942,Nebraska,2001,19
1736,Wyoming,1992,20
1738,Wyoming,1994,20
901,Montana,1992,20
256,Delaware,1992,20
1755,Wyoming,2011,20
1371,Rhodes Island,2011,20
670,Maine,2005,20
1728,Wyoming,1984,20
1444,South Dakota,2014,20
1569,Vermont,1999,20
1009,New Hampshire,1999,20
666,Maine,2001,21
1423,South Dakota,1993,21
912,Montana,2006,21
651,Maine,1984,21
267,Delaware,2003,21
1007,New Hampshire,1996,21
1004,New Hampshire,1993,21
944,Nebraska,2003,21
936,Nebraska,1995,21
937,Nebraska,1996,21
1001,New Hampshire,1990,21
993,New Hampshire,1982,21
907,Montana,2001,22
909,Montana,2003,22
898,Montana,1989,22
949,Nebraska,2008,22
1733,Wyoming,1989,22
938,Nebraska,1997,22
440,Idaho,2010,22
439,Idaho,2009,22
257,Delaware,1993,22
662,Maine,1997,22
891,Montana,1981,23
893,Montana,1983,23
398,Hawaii,2003,23
438,Idaho,2008,23
1734,Wyoming,1990,23
401,Hawaii,2006,23
1023,New Hampshire,2013,23
943,Nebraska,2002,23
918,Montana,2012,23
407,Hawaii,2012,23
916,Montana,2010,23
911,Montana,2005,23
948,Nebraska,2007,23
526,Iowa,1992,24
408,Hawaii,2013,24
997,New Hampshire,1986,24
1438,South Dakota,2008,24
415,Idaho,1985,24
653,Maine,1986,24
991,New Hampshire,1980,24
406,Hawaii,2011,24
404,Hawaii,2009,24
248,Delaware,1984,24
262,Delaware,1998,24
1358,Rhodes Island,1998,25
1363,Rhodes Island,2003,25
263,Delaware,1999,25
1356,Rhodes Island,1996,25
412,Idaho,1982,25
397,Hawaii,2002,25
400,Hawaii,2005,25
649,Maine,1982,25
939,Nebraska,1998,25
1729,Wyoming,1985,25
928,Nebraska,1987,25
1725,Wyoming,1981,26
940,Nebraska,1999,26
664,Maine,1999,26
429,Idaho,1999,26
661,Maine,1996,26
660,Maine,1995,26
403,Hawaii,2008,26
402,Hawaii,2007,26
671,Maine,2006,26
672,Maine,2007,26
663,Maine,1998,27
1374,Rhodes Island,2014,27
62,Alaska,2008,27
393,Hawaii,1998,27
674,Maine,2009,27
675,Maine,2010,27
247,Delaware,1983,27
405,Hawaii,2010,27
1357,Rhodes Island,1997,27
264,Delaware,2000,27
914,Montana,2008,28
915,Montana,2009,28
419,Idaho,1989,28
1366,Rhodes Island,2006,28
433,Idaho,2003,28
268,Delaware,2004,28
992,New Hampshire,1981,28
442,Idaho,2012,29
650,Maine,1983,29
1730,Wyoming,1986,29
679,Maine,2014,29
652,Maine,1985,29
890,Montana,1980,29
999,New Hampshire,1988,29
910,Montana,2004,29
265,Delaware,2001,29
941,Nebraska,2000,29
42,Alaska,1988,30
1364,Rhodes Island,2004,30
1727,Wyoming,1983,30
443,Idaho,2013,30
444,Idaho,2014,30
562,Kansas,1993,30
895,Montana,1985,30
266,Delaware,2002,30
410,Idaho,1980,30
945,Nebraska,2004,30
920,Montana,2014,30
678,Maine,2013,30
1370,Rhodes Island,2010,30
673,Maine,2008,31
1373,Rhodes Island,2013,31
1368,Rhodes Island,2008,31
441,Idaho,2011,31
522,Iowa,1987,31
934,Nebraska,1993,31
249,Delaware,1985,32
1369,Rhodes Island,2009,32
1355,Rhodes Island,1995,32
1343,Rhodes Island,1983,32
894,Montana,1984,32
1344,Rhodes Island,1984,32
659,Maine,1994,32
423,Idaho,1993,32
434,Idaho,2004,32
251,Delaware,1987,32
250,Delaware,1986,32
416,Idaho,1986,32
436,Idaho,2006,33
677,Maine,2012,33
654,Maine,1987,33
253,Delaware,1989,33
260,Delaware,1996,33
254,Delaware,1990,33
377,Hawaii,1982,33
431,Idaho,2001,33
998,New Hampshire,1987,34
1726,Wyoming,1982,34
1724,Wyoming,1980,34
1365,Rhodes Island,2005,34
420,Idaho,1990,34
1346,Rhodes Island,1986,34
252,Delaware,1988,34
379,Hawaii,1984,34
399,Hawaii,2004,34
676,Maine,2011,35
395,Hawaii,2000,35
527,Iowa,1993,35
418,Idaho,1988,35
417,Idaho,1987,35
54,Alaska,2000,35
923,Nebraska,1982,35
396,Hawaii,2001,36
63,Alaska,2009,36
65,Alaska,2011,36
1000,New Hampshire,1989,36
655,Maine,1988,36
647,Maine,1980,36
1359,Rhodes Island,1999,36
246,Delaware,1982,36
1345,Rhodes Island,1985,36
1342,Rhodes Island,1982,36
428,Idaho,1998,36
432,Idaho,2002,36
413,Idaho,1983,36
648,Maine,1981,36
414,Idaho,1984,37
44,Alaska,1990,37
59,Alaska,2005,37
1352,Rhodes Island,1992,37
1002,New Hampshire,1991,37
1372,Rhodes Island,2012,37
1351,Rhodes Island,1991,38
557,Kansas,1988,38
422,Idaho,1992,38
255,Delaware,1991,39
544,Iowa,2010,39
55,Alaska,2001,39
271,Delaware,2007,39
424,Idaho,1994,40
1676,West Virginia,2001,40
930,Nebraska,1989,40
1543,Utah,2008,40
66,Alaska,2012,40
1361,Rhodes Island,2001,40
1362,Rhodes Island,2002,41
56,Alaska,2002,41
50,Alaska,1996,41
43,Alaska,1989,41
245,Delaware,1981,41
269,Delaware,2005,41
277,Delaware,2013,41
391,Hawaii,1996,41
67,Alaska,2013,41
1353,Rhodes Island,1993,41
1347,Rhodes Island,1987,41
1348,Rhodes Island,1988,41
1544,Utah,2009,41
52,Alaska,1998,42
547,Iowa,2013,42
270,Delaware,2006,42
1341,Rhodes Island,1981,42
435,Idaho,2005,42
931,Nebraska,1990,42
539,Iowa,2005,42
60,Alaska,2006,42
1340,Rhodes Island,1980,43
387,Hawaii,1992,43
394,Hawaii,1999,43
531,Iowa,1997,43
541,Iowa,2007,43
380,Hawaii,1985,43
64,Alaska,2010,43
427,Idaho,1997,43
924,Nebraska,1983,44
933,Nebraska,1992,44
46,Alaska,1992,44
48,Alaska,1994,44
1354,Rhodes Island,1994,44
244,Delaware,1980,44
57,Alaska,2003,44
58,Alaska,2004,44
388,Hawaii,1993,44
543,Iowa,2009,44
273,Delaware,2009,44
411,Idaho,1981,45
45,Alaska,1991,45
1360,Rhodes Island,2000,45
385,Hawaii,1990,45
376,Hawaii,1981,46
656,Maine,1989,46
1524,Utah,1989,46
926,Nebraska,1985,46
386,Hawaii,1991,46
545,Iowa,2011,47
538,Iowa,2004,47
950,Nebraska,2009,47
34,Alaska,1980,47
40,Alaska,1986,47
383,Hawaii,1988,47
275,Delaware,2011,48
523,Iowa,1988,48
1523,Utah,1988,48
68,Alaska,2014,48
528,Iowa,1994,48
41,Alaska,1987,48
425,Idaho,1995,48
1350,Rhodes Island,1990,48
392,Hawaii,1997,48
563,Kansas,2000,49
532,Iowa,1998,49
1519,Utah,1984,49
536,Iowa,2002,49
39,Alaska,1985,50
426,Idaho,1996,50
1548,Utah,2013,51
437,Idaho,2007,51
1349,Rhodes Island,1989,51
384,Hawaii,1989,51
546,Iowa,2012,51
537,Iowa,2003,51
274,Delaware,2010,52
38,Alaska,1984,52
1541,Utah,2006,52
521,Iowa,1986,52
525,Iowa,1990,52
381,Hawaii,1986,52
534,Iowa,2000,52
533,Iowa,1999,52
382,Hawaii,1987,53
535,Iowa,2001,53
1525,Utah,1990,53
61,Alaska,2007,53
1515,Utah,1980,53
278,Delaware,2014,53
389,Hawaii,1994,53
1520,Utah,1985,53
925,Nebraska,1984,54
1535,Utah,2000,54
49,Alaska,1995,54
1516,Utah,1981,54
540,Iowa,2006,54
1527,Utah,1992,54
1526,Utah,1991,55
51,Alaska,1997,55
927,Nebraska,1986,55
1521,Utah,1986,55
1546,Utah,2011,55
1517,Utah,1982,55
529,Iowa,1995,56
1518,Utah,1983,56
519,Iowa,1984,56
1522,Utah,1987,56
932,Nebraska,1991,56
53,Alaska,1999,56
953,Nebraska,2012,56
524,Iowa,1989,57
276,Delaware,2012,57
272,Delaware,2008,57
922,Nebraska,1981,57
955,Nebraska,2014,57
1537,Utah,2002,57
1547,Utah,2012,57
378,Hawaii,1983,57
1685,West Virginia,2010,57
520,Iowa,1985,57
921,Nebraska,1980,58
1545,Utah,2010,58
951,Nebraska,2010,58
1539,Utah,2004,58
530,Iowa,1996,58
1688,West Virginia,2013,58
1534,Utah,1999,58
929,Nebraska,1988,58
390,Hawaii,1995,58
1540,Utah,2005,60
47,Alaska,1993,60
1538,Utah,2003,61
1682,West Virginia,2007,62
515,Iowa,1980,63
548,Iowa,2014,63
954,Nebraska,2013,64
1683,West Virginia,2008,64
1675,West Virginia,2000,64
795,Minnesota,1990,65
1542,Utah,2007,65
1678,West Virginia,2003,65
517,Iowa,1982,65
1679,West Virginia,2004,66
1533,Utah,1998,66
1531,Utah,1996,67
788,Minnesota,1983,68
1528,Utah,1993,69
35,Alaska,1981,69
1674,West Virginia,1999,69
1671,West Virginia,1996,69
518,Iowa,1983,70
1529,Utah,1994,70
952,Nebraska,2011,71
1290,Oregon,2000,71
1687,West Virginia,2012,72
1549,Utah,2014,72
597,Kentucky,2000,73
37,Alaska,1983,74
1689,West Virginia,2014,74
567,Kansas,2004,75
1532,Utah,1997,75
36,Alaska,1982,75
1660,West Virginia,1985,75
565,Kansas,2002,75
1677,West Virginia,2002,76
1681,West Virginia,2006,76
789,Minnesota,1984,76
1292,Oregon,2002,76
1684,West Virginia,2009,77
542,Iowa,2008,77
1530,Utah,1995,78
1293,Oregon,2003,78
1680,West Virginia,2005,78
516,Iowa,1981,79
1064,New Mexico,1984,79
1298,Oregon,2008,80
564,Kansas,2001,80
1063,New Mexico,1983,81
1673,West Virginia,1998,81
558,Kansas,1989,81
598,Kentucky,2001,81
963,Nevada,1987,82
1297,Oregon,2007,82
1536,Utah,2001,82
816,Minnesota,2011,82
600,Kentucky,2003,82
1686,West Virginia,2011,84
596,Kentucky,1999,84
1304,Oregon,2014,84
375,Hawaii,1980,84
1672,West Virginia,1997,85
1303,Oregon,2013,85
231,Connecticut,2002,86
591,Kentucky,1994,86
599,Kentucky,2002,87
786,Minnesota,1981,87
1659,West Virginia,1984,88
814,Minnesota,2009,89
790,Minnesota,1985,90
575,Kansas,2012,90
243,Connecticut,2014,90
1301,Oregon,2011,92
1670,West Virginia,1995,92
577,Kansas,2014,93
566,Kansas,2003,93
585,Kentucky,1987,93
1300,Oregon,2010,93
242,Connecticut,2013,93
1289,Oregon,1999,95
553,Kansas,1984,96
1070,New Mexico,1990,96
960,Nevada,1984,97
1295,Oregon,2005,97
1658,West Virginia,1983,97
1302,Oregon,2012,97
1081,New Mexico,2001,98
965,Nevada,1989,98
1299,Oregon,2009,98
559,Kansas,1990,98
787,Minnesota,1982,99
568,Kansas,2005,100
229,Connecticut,2000,100
961,Nevada,1985,101
1072,New Mexico,1992,101
791,Minnesota,1986,101
1663,West Virginia,1988,101
1291,Oregon,2001,102
1073,New Mexico,1993,102
555,Kansas,1986,103
233,Connecticut,2004,103
1662,West Virginia,1987,104
964,Nevada,1988,104
1294,Oregon,2004,105
966,Nevada,1990,105
815,Minnesota,2010,105
570,Kansas,2007,106
238,Connecticut,2009,106
556,Kansas,1987,106
813,Minnesota,2008,106
573,Kansas,2010,107
1657,West Virginia,1982,107
1296,Oregon,2006,107
794,Minnesota,1989,108
1069,New Mexico,1989,108
792,Minnesota,1987,109
236,Connecticut,2007,109
1669,West Virginia,1994,110
571,Kansas,2008,110
819,Minnesota,2014,110
1665,West Virginia,1990,110
962,Nevada,1986,110
232,Connecticut,2003,110
812,Minnesota,2007,111
1086,New Mexico,2006,111
234,Connecticut,2005,111
230,Connecticut,2001,112
785,Minnesota,1980,112
1666,West Virginia,1991,112
1092,New Mexico,2012,112
805,Minnesota,2000,113
1083,New Mexico,2003,113
1273,Oregon,1983,113
1287,Oregon,1997,113
235,Connecticut,2006,113
307,District of Columbia,2014,114
1077,New Mexico,1997,114
1074,New Mexico,1994,115
1071,New Mexico,1991,115
1062,New Mexico,1982,115
306,District of Columbia,2013,115
796,Minnesota,1991,116
305,District of Columbia,2011,116
213,Connecticut,1984,116
807,Minnesota,2002,116
817,Minnesota,2012,116
803,Minnesota,1998,117
228,Connecticut,1999,117
574,Kansas,2011,117
576,Kansas,2013,118
959,Nevada,1983,118
1271,Oregon,1981,118
1667,West Virginia,1992,118
735,Massachusetts,2000,119
734,Massachusetts,1999,119
1093,New Mexico,2013,119
1075,New Mexico,1995,120
1661,West Virginia,1986,120
806,Minnesota,2001,120
810,Minnesota,2005,120
793,Minnesota,1988,121
809,Minnesota,2004,121
747,Massachusetts,2012,122
1656,West Virginia,1981,122
733,Massachusetts,1998,123
811,Minnesota,2006,124
1694,Wisconsin,1984,124
214,Connecticut,1985,124
595,Kentucky,1998,124
1664,West Virginia,1989,125
1280,Oregon,1990,125
808,Minnesota,2003,126
1080,New Mexico,2000,126
732,Massachusetts,1997,126
818,Minnesota,2013,127
572,Kansas,2009,127
802,Minnesota,1997,127
1094,New Mexico,2014,128
554,Kansas,1985,128
1668,West Virginia,1993,129
569,Kansas,2006,129
212,Connecticut,1983,130
958,Nevada,1982,130
240,Connecticut,2011,130
1067,New Mexico,1987,131
804,Minnesota,1999,131
1091,New Mexico,2011,132
237,Connecticut,2008,132
226,Connecticut,1997,132
749,Massachusetts,2014,132
1275,Oregon,1985,133
1068,New Mexico,1988,134
239,Connecticut,2010,134
1655,West Virginia,1980,134
304,District of Columbia,2010,134
194,Colorado,2000,134
1693,Wisconsin,1983,135
976,Nevada,2000,135
748,Massachusetts,2013,136
797,Minnesota,1992,136
968,Nevada,1992,136
988,Nevada,2012,136
969,Nevada,1993,137
1065,New Mexico,1985,138
1088,New Mexico,2008,138
967,Nevada,1991,139
1286,Oregon,1996,139
1085,New Mexico,2005,139
798,Minnesota,1993,140
1288,Oregon,1998,140
1060,New Mexico,1980,141
134,Arkansas,2010,141
1270,Oregon,1980,141
1090,New Mexico,2010,142
1695,Wisconsin,1985,142
1272,Oregon,1982,143
738,Massachusetts,2003,143
799,Minnesota,1994,144
1076,New Mexico,1996,144
1696,Wisconsin,1986,144
227,Connecticut,1998,144
551,Kansas,1982,144
1690,Wisconsin,1980,145
204,Colorado,2010,145
1066,New Mexico,1986,145
241,Connecticut,2012,145
722,Massachusetts,1987,145
1698,Wisconsin,1988,145
1717,Wisconsin,2008,146
1285,Oregon,1995,146
126,Arkansas,2002,146
552,Kansas,1983,146
125,Arkansas,2001,147
1079,New Mexico,1999,147
853,Mississippi,2013,147
1274,Oregon,1984,147
1720,Wisconsin,2011,147
1279,Oregon,1989,148
1691,Wisconsin,1981,148
215,Connecticut,1986,148
1692,Wisconsin,1982,148
284,District of Columbia,1985,149
1082,New Mexico,2002,149
839,Mississippi,1999,151
736,Massachusetts,2001,151
123,Arkansas,1999,151
828,Mississippi,1988,152
202,Colorado,2008,152
847,Mississippi,2007,154
285,District of Columbia,1986,154
1283,Oregon,1993,154
956,Nevada,1980,154
195,Colorado,2001,154
1718,Wisconsin,2009,154
723,Massachusetts,1988,154
210,Connecticut,1981,155
987,Nevada,2011,155
560,Kansas,1991,156
137,Arkansas,2013,156
1089,New Mexico,2009,156
224,Connecticut,1995,156
303,District of Columbia,2009,157
127,Arkansas,2003,157
1078,New Mexico,1998,157
128,Arkansas,2004,157
1084,New Mexico,2004,158
209,Connecticut,1980,158
603,Kentucky,2006,159
957,Nevada,1981,159
132,Arkansas,2008,160
135,Arkansas,2011,160
1713,Wisconsin,2004,160
608,Kentucky,2011,161
201,Colorado,2007,161
731,Massachusetts,1996,161
1278,Oregon,1988,161
216,Connecticut,1987,162
801,Minnesota,1996,162
561,Kansas,1992,162
849,Mississippi,2009,162
721,Massachusetts,1986,163
549,Kansas,1980,163
124,Arkansas,2000,163
1281,Oregon,1991,163
1282,Oregon,1992,163
984,Nevada,2008,163
211,Connecticut,1982,164
1087,New Mexico,2007,164
845,Mississippi,2005,164
550,Kansas,1981,165
824,Mississippi,1984,165
203,Colorado,2009,165
208,Colorado,2014,165
1277,Oregon,1987,166
301,District of Columbia,2006,166
225,Connecticut,1996,166
184,Colorado,1990,166
183,Colorado,1989,166
743,Massachusetts,2008,166
1711,Wisconsin,2002,166
586,Kentucky,1989,167
205,Colorado,2011,167
989,Nevada,2013,168
1697,Wisconsin,1987,168
611,Kentucky,2014,168
138,Arkansas,2014,169
829,Mississippi,1989,169
1719,Wisconsin,2010,170
826,Mississippi,1986,170
737,Massachusetts,2002,171
1723,Wisconsin,2014,171
220,Connecticut,1991,172
724,Massachusetts,1989,172
739,Massachusetts,2004,172
206,Colorado,2012,172
1709,Wisconsin,2000,172
854,Mississippi,2014,173
744,Massachusetts,2009,173
133,Arkansas,2009,173
1715,Wisconsin,2006,174
975,Nevada,1999,174
971,Nevada,1995,174
610,Kentucky,2013,174
302,District of Columbia,2007,174
840,Mississippi,2000,174
850,Mississippi,2010,174
191,Colorado,1997,175
986,Nevada,2010,175
283,District of Columbia,1984,175
1650,Washington,2010,175
136,Arkansas,2012,176
970,Nevada,1994,176
1699,Wisconsin,1989,176
200,Colorado,2006,176
199,Colorado,2005,177
219,Connecticut,1990,177
740,Massachusetts,2005,178
1284,Oregon,1994,178
830,Mississippi,1990,178
827,Mississippi,1987,178
852,Mississippi,2012,179
727,Massachusetts,1992,180
846,Mississippi,2006,180
602,Kentucky,2005,180
279,District of Columbia,1980,180
800,Minnesota,1995,180
825,Mississippi,1985,180
217,Connecticut,1988,181
129,Arkansas,2005,181
844,Mississippi,2004,181
196,Colorado,2002,181
1721,Wisconsin,2012,181
221,Connecticut,1992,181
190,Colorado,1996,182
1722,Wisconsin,2013,182
1639,Washington,1999,182
1651,Washington,2011,183
985,Nevada,2009,183
108,Arkansas,1984,183
974,Nevada,1998,184
1276,Oregon,1986,184
746,Massachusetts,2011,184
848,Mississippi,2008,185
838,Mississippi,1998,185
990,Nevada,2014,185
725,Massachusetts,1990,186
1257,Oklahoma,2002,186
207,Colorado,2013,186
1647,Washington,2007,186
188,Colorado,1994,187
111,Arkansas,1987,187
742,Massachusetts,2007,187
300,District of Columbia,2005,187
980,Nevada,2004,187
720,Massachusetts,1985,188
282,District of Columbia,1983,188
741,Massachusetts,2006,188
109,Arkansas,1985,188
299,District of Columbia,2004,189
607,Kentucky,2010,189
606,Kentucky,2009,190
836,Mississippi,1996,190
197,Colorado,2003,190
978,Nevada,2002,191
30,Alabama,2010,191
605,Kentucky,2008,191
843,Mississippi,2003,191
178,Colorado,1984,192
1622,Washington,1982,192
1648,Washington,2008,192
1712,Wisconsin,2003,193
837,Mississippi,1997,193
841,Mississippi,2001,193
176,Colorado,1982,193
1653,Washington,2013,194
842,Mississippi,2002,194
192,Colorado,1998,195
851,Mississippi,2011,195
106,Arkansas,1982,195
973,Nevada,1997,196
719,Massachusetts,1984,196
718,Massachusetts,1983,197
218,Connecticut,1989,197
977,Nevada,2001,197
131,Arkansas,2007,198
1716,Wisconsin,2007,198
823,Mississippi,1983,198
174,Colorado,1980,198
1710,Wisconsin,2001,198
1269,Oklahoma,2014,199
107,Arkansas,1983,199
1641,Washington,2001,199
1708,Wisconsin,1999,200
835,Mississippi,1995,201
1260,Oklahoma,2005,201
193,Colorado,1999,201
110,Arkansas,1986,202
1255,Oklahoma,2000,202
979,Nevada,2003,202
1640,Washington,2000,203
716,Massachusetts,1981,203
281,District of Columbia,1982,204
1643,Washington,2003,204
179,Colorado,1985,204
729,Massachusetts,1994,205
130,Arkansas,2006,205
1259,Oklahoma,2004,205
1654,Washington,2014,206
182,Colorado,1988,206
1649,Washington,2009,207
1646,Washington,2006,207
983,Nevada,2007,208
1642,Washington,2002,208
1644,Washington,2004,208
1621,Washington,1981,208
1265,Oklahoma,2010,209
604,Kentucky,2007,209
122,Arkansas,1998,209
832,Mississippi,1992,209
105,Arkansas,1981,209
728,Massachusetts,1993,210
1629,Washington,1989,211
181,Colorado,1987,211
609,Kentucky,2012,211
1263,Oklahoma,2008,212
185,Colorado,1991,213
730,Massachusetts,1995,213
104,Arkansas,1980,214
177,Colorado,1983,214
726,Massachusetts,1991,214
1638,Washington,1998,215
1253,Oklahoma,1998,215
1652,Washington,2012,215
1256,Oklahoma,2001,215
198,Colorado,2004,216
1624,Washington,1984,216
1268,Oklahoma,2013,216
112,Arkansas,1988,216
717,Massachusetts,1982,217
589,Kentucky,1992,218
820,Mississippi,1980,218
601,Kentucky,2004,219
831,Mississippi,1991,219
1702,Wisconsin,1992,219
745,Massachusetts,2010,219
113,Arkansas,1989,219
189,Colorado,1995,219
120,Arkansas,1996,219
1714,Wisconsin,2005,220
223,Connecticut,1994,220
187,Colorado,1993,221
1247,Oklahoma,1992,221
594,Kentucky,1997,221
1631,Washington,1991,221
1620,Washington,1980,222
487,Indiana,1987,222
222,Connecticut,1993,222
1261,Oklahoma,2006,223
715,Massachusetts,1980,223
593,Kentucky,1996,224
1706,Wisconsin,1996,225
72,Arizona,1983,225
1626,Washington,1986,225
1707,Wisconsin,1997,225
286,District of Columbia,1987,225
981,Nevada,2005,225
1645,Washington,2005,226
1623,Washington,1983,226
1266,Oklahoma,2011,227
972,Nevada,1996,227
450,Illinois,1985,227
175,Colorado,1981,230
1258,Oklahoma,2003,232
280,District of Columbia,1981,232
834,Mississippi,1994,232
822,Mississippi,1982,232
186,Colorado,1992,232
1625,Washington,1985,234
833,Mississippi,1993,234
20,Alabama,2000,235
1251,Oklahoma,1996,235
70,Arizona,1981,237
1700,Wisconsin,1990,238
1267,Oklahoma,2012,239
590,Kentucky,1993,240
1244,Oklahoma,1989,240
1703,Wisconsin,1993,241
1705,Wisconsin,1995,241
982,Nevada,2006,242
582,Kentucky,1984,243
298,District of Columbia,2003,243
821,Mississippi,1981,246
1246,Oklahoma,1991,246
1264,Oklahoma,2009,246
1704,Wisconsin,1994,247
71,Arizona,1982,247
180,Colorado,1986,247
73,Arizona,1984,248
587,Kentucky,1990,248
1701,Wisconsin,1991,248
1630,Washington,1990,249
1252,Oklahoma,1997,249
1637,Washington,1997,250
588,Kentucky,1991,250
584,Kentucky,1986,251
297,District of Columbia,2002,252
1262,Oklahoma,2007,253
24,Alabama,2004,253
114,Arkansas,1990,254
1627,Washington,1987,254
1254,Oklahoma,1999,254
449,Illinois,1984,254
121,Arkansas,1997,255
116,Arkansas,1992,255
1636,Washington,1996,258
1249,Oklahoma,1994,259
592,Kentucky,1995,260
583,Kentucky,1985,261
1239,Oklahoma,1984,264
117,Arkansas,1993,264
490,Indiana,1990,264
74,Arizona,1985,264
1243,Oklahoma,1988,265
579,Kentucky,1981,266
76,Arizona,1987,266
119,Arkansas,1995,267
1242,Oklahoma,1987,268
486,Indiana,1986,268
483,Indiana,1983,269
115,Arkansas,1991,269
581,Kentucky,1983,269
489,Indiana,1989,271
1238,Oklahoma,1983,272
1245,Oklahoma,1990,272
1628,Washington,1988,273
1632,Washington,1992,274
1405,South Carolina,2010,278
1394,South Carolina,1999,278
484,Indiana,1984,281
1240,Oklahoma,1985,283
1241,Oklahoma,1986,285
580,Kentucky,1982,286
485,Indiana,1985,287
1633,Washington,1993,287
1635,Washington,1995,288
1395,South Carolina,2000,288
78,Arizona,1989,291
510,Indiana,2010,291
22,Alabama,2002,292
1399,South Carolina,2004,293
69,Arizona,1980,293
23,Alabama,2003,295
1044,New Jersey,1999,296
1045,New Jersey,2000,298
79,Arizona,1990,301
1390,South Carolina,1995,301
1248,Oklahoma,1993,301
118,Arkansas,1994,303
77,Arizona,1988,306
509,Indiana,2009,306
512,Indiana,2012,307
511,Indiana,2011,307
1403,South Carolina,2008,307
504,Indiana,2004,308
1398,South Carolina,2003,308
500,Indiana,2000,308
508,Indiana,2008,308
80,Arizona,1991,308
295,District of Columbia,1997,309
1393,South Carolina,1998,310
1397,South Carolina,2002,311
496,Indiana,1996,311
491,Indiana,1991,311
103,Arizona,2014,313
488,Indiana,1988,315
1404,South Carolina,2009,315
1236,Oklahoma,1981,316
1634,Washington,1994,317
1408,South Carolina,2013,318
29,Alabama,2009,318
1379,South Carolina,1984,319
1616,Virginia,2011,319
1235,Oklahoma,1980,320
75,Arizona,1986,321
1400,South Carolina,2005,321
1381,South Carolina,1986,322
878,Missouri,2003,323
1380,South Carolina,1985,323
1392,South Carolina,1997,324
1382,South Carolina,1987,326
25,Alabama,2005,327
503,Indiana,2003,330
623,Louisiana,1991,332
1378,South Carolina,1983,333
1396,South Carolina,2001,333
1617,Virginia,2012,334
1043,New Jersey,1998,334
1406,South Carolina,2011,334
1054,New Jersey,2009,334
502,Indiana,2002,335
499,Indiana,1999,335
482,Indiana,1982,336
1618,Virginia,2013,336
1409,South Carolina,2014,336
1384,South Carolina,1989,336
1376,South Carolina,1981,336
7,Alabama,1987,336
714,Maryland,2014,337
514,Indiana,2014,337
28,Alabama,2008,338
874,Missouri,1999,341
18,Alabama,1998,343
875,Missouri,2000,343
452,Illinois,1987,343
1449,Tennessee,1984,343
859,Missouri,1984,344
81,Arizona,1992,345
1383,South Carolina,1988,345
1391,South Carolina,1996,346
507,Indiana,2007,346
505,Indiana,2005,347
21,Alabama,2001,347
1047,New Jersey,2002,349
1407,South Carolina,2012,349
513,Indiana,2013,350
877,Missouri,2002,352
1041,New Jersey,1996,352
506,Indiana,2006,352
1619,Virginia,2014,354
1046,New Jersey,2001,355
881,Missouri,2006,356
481,Indiana,1981,357
1042,New Jersey,1997,358
26,Alabama,2006,358
1059,New Jersey,2014,359
685,Maryland,1985,360
82,Arizona,1993,362
1478,Tennessee,2013,363
1389,South Carolina,1994,364
1032,New Jersey,1987,365
101,Arizona,2012,365
1375,South Carolina,1980,367
493,Indiana,1993,368
1377,South Carolina,1982,368
492,Indiana,1992,369
1402,South Carolina,2007,369
98,Arizona,2009,370
1613,Virginia,2008,370
1454,Tennessee,1989,371
1387,South Carolina,1992,371
687,Maryland,1987,372
1220,Ohio,2000,372
3,Alabama,1983,372
1219,Ohio,1999,372
1401,South Carolina,2006,373
287,District of Columbia,1988,375
684,Maryland,1984,375
1604,Virginia,1999,376
1606,Virginia,2001,377
1218,Ohio,1998,377
879,Missouri,2004,377
294,District of Columbia,1995,377
1237,Oklahoma,1982,378
1053,New Jersey,2008,378
100,Arizona,2011,379
1217,Ohio,1997,380
495,Indiana,1995,380
501,Indiana,2001,381
1386,South Carolina,1991,382
619,Louisiana,1987,382
1469,Tennessee,2004,382
4,Alabama,1984,382
102,Arizona,2013,383
89,Arizona,2000,385
683,Maryland,1983,386
1615,Virginia,2010,387
1450,Tennessee,1985,387
873,Missouri,1998,387
860,Missouri,1985,387
858,Missouri,1983,388
8,Alabama,1988,389
578,Kentucky,1980,389
85,Arizona,1996,390
1052,New Jersey,2007,390
12,Alabama,1992,391
1607,Virginia,2002,391
1614,Virginia,2009,392
1609,Virginia,2004,392
1055,New Jersey,2010,392
27,Alabama,2007,392
1388,South Carolina,1993,392
1448,Tennessee,1983,393
863,Missouri,1988,394
497,Indiana,1997,394
862,Missouri,1987,395
494,Indiana,1994,395
876,Missouri,2001,396
640,Louisiana,2008,396
87,Arizona,1998,396
5,Alabama,1985,397
1475,Tennessee,2010,397
1056,New Jersey,2011,398
1605,Virginia,2000,398
1029,New Jersey,1984,399
99,Arizona,2010,400
1250,Oklahoma,1995,401
1456,Tennessee,1991,401
882,Missouri,2007,401
86,Arizona,1997,401
886,Missouri,2011,402
872,Missouri,1997,402
97,Arizona,2008,403
712,Maryland,2012,403
1452,Tennessee,1987,404
888,Missouri,2013,405
1588,Virginia,1983,405
1057,New Jersey,2012,405
1034,New Jersey,1989,406
713,Maryland,2013,406
686,Maryland,1986,406
871,Missouri,1996,407
1453,Tennessee,1988,407
1031,New Jersey,1986,407
6,Alabama,1986,407
1611,Virginia,2006,408
498,Indiana,1998,408
480,Indiana,1980,409
1464,Tennessee,1999,411
1473,Tennessee,2008,412
1590,Virginia,1985,413
864,Missouri,1989,413
1479,Tennessee,2014,414
1039,New Jersey,1994,414
1028,New Jersey,1983,415
17,Alabama,1997,415
9,Alabama,1989,416
1037,New Jersey,1992,417
293,District of Columbia,1994,417
1447,Tennessee,1982,418
1049,New Jersey,2004,418
1608,Virginia,2003,419
1030,New Jersey,1985,419
1058,New Jersey,2013,420
1036,New Jersey,1991,421
1048,New Jersey,2003,421
1476,Tennessee,2011,421
1603,Virginia,1998,421
884,Missouri,2009,422
1385,South Carolina,1990,422
1461,Tennessee,1996,423
1040,New Jersey,1995,423
887,Missouri,2012,423
292,District of Columbia,1993,423
88,Arizona,1999,424
2,Alabama,1982,424
343,Georgia,1983,424
880,Missouri,2005,425
1468,Tennessee,2003,426
1446,Tennessee,1981,426
1612,Virginia,2007,427
1591,Virginia,1986,427
1587,Virginia,1982,427
711,Maryland,2011,429
16,Alabama,1996,430
680,Maryland,1980,432
1455,Tennessee,1990,433
1038,New Jersey,1993,433
637,Louisiana,2005,433
1033,New Jersey,1988,434
1050,New Jersey,2005,434
11,Alabama,1991,434
1465,Tennessee,2000,435
1463,Tennessee,1998,436
865,Missouri,1990,438
83,Arizona,1994,438
889,Missouri,2014,439
1462,Tennessee,1997,439
288,District of Columbia,1989,439
1477,Tennessee,2012,440
699,Maryland,1999,442
1035,New Jersey,1990,443
1466,Tennessee,2001,444
1471,Tennessee,2006,444
710,Maryland,2010,445
1472,Tennessee,2007,445
91,Arizona,2002,446
1051,New Jersey,2006,447
861,Missouri,1986,447
90,Arizona,2001,448
1459,Tennessee,1994,449
885,Missouri,2010,450
291,District of Columbia,1992,450
681,Maryland,1981,452
1221,Ohio,2001,452
620,Louisiana,1988,452
646,Louisiana,2014,452
682,Maryland,1982,452
1592,Virginia,1987,453
1,Alabama,1981,453
478,Illinois,2013,453
617,Louisiana,1985,453
1451,Tennessee,1986,454
870,Missouri,1995,455
1234,Ohio,2014,455
479,Illinois,2014,456
883,Missouri,2008,457
1589,Virginia,1984,457
1467,Tennessee,2002,457
93,Arizona,2004,458
688,Maryland,1988,459
700,Maryland,2000,462
1470,Tennessee,2005,463
10,Alabama,1990,463
1610,Virginia,2005,465
857,Missouri,1982,465
15,Alabama,1995,467
1585,Virginia,1980,468
1160,North Carolina,2010,468
1458,Tennessee,1993,468
1457,Tennessee,1992,468
470,Illinois,2005,468
709,Maryland,2009,469
1228,Ohio,2008,469
469,Illinois,2004,472
475,Illinois,2010,472
1460,Tennessee,1995,473
94,Arizona,2005,473
1586,Virginia,1981,474
1233,Ohio,2013,474
340,Georgia,1980,475
1232,Ohio,2012,475
13,Alabama,1993,477
1163,North Carolina,2013,477
645,Louisiana,2013,478
84,Arizona,1995,478
1230,Ohio,2010,481
289,District of Columbia,1990,481
631,Louisiana,1999,482
1593,Virginia,1988,482
92,Arizona,2003,482
701,Maryland,2001,485
1474,Tennessee,2009,486
472,Illinois,2007,486
476,Illinois,2011,486
290,District of Columbia,1991,489
341,Georgia,1981,491
708,Maryland,2008,493
1164,North Carolina,2014,493
642,Louisiana,2010,493
1224,Ohio,2004,495
1134,North Carolina,1984,495
1216,Ohio,1996,496
1445,Tennessee,1980,497
1223,Ohio,2003,497
1027,New Jersey,1982,497
1231,Ohio,2011,499
474,Illinois,2009,500
14,Alabama,1994,501
1162,North Carolina,2012,503
1154,North Carolina,2004,503
1222,Ohio,2002,504
1227,Ohio,2007,505
1159,North Carolina,2009,506
1138,North Carolina,1988,507
471,Illinois,2006,507
1161,North Carolina,2011,507
1601,Virginia,1996,508
1602,Virginia,1997,508
360,Georgia,2000,508
643,Louisiana,2011,509
95,Arizona,2006,509
633,Louisiana,2001,511
644,Louisiana,2012,511
344,Georgia,1984,511
856,Missouri,1981,511
1594,Virginia,1989,511
0,Alabama,1980,513
96,Arizona,2007,516
638,Louisiana,2006,516
1600,Virginia,1995,519
1136,North Carolina,1986,519
867,Missouri,1992,519
641,Louisiana,2009,520
1229,Ohio,2009,520
1153,North Carolina,2003,521
1133,North Carolina,1983,521
616,Louisiana,1984,521
697,Maryland,1997,522
357,Georgia,1997,523
866,Missouri,1991,523
1137,North Carolina,1987,523
1312,Pennsylvania,1987,524
1226,Ohio,2006,526
359,Georgia,1999,527
1135,North Carolina,1985,527
698,Maryland,1998,528
477,Illinois,2012,528
618,Louisiana,1986,529
473,Illinois,2008,530
855,Missouri,1980,531
358,Georgia,1998,531
365,Georgia,2005,532
1025,New Jersey,1980,534
704,Maryland,2004,539
1205,Ohio,1985,540
1131,North Carolina,1981,541
703,Maryland,2003,542
1204,Ohio,1984,543
1151,North Carolina,2001,543
1206,Ohio,1986,546
702,Maryland,2002,546
364,Georgia,2004,549
612,Louisiana,1980,549
1215,Ohio,1995,553
778,Michigan,2008,553
869,Missouri,1994,554
345,Georgia,1985,557
371,Georgia,2011,557
632,Louisiana,2000,558
689,Maryland,1989,558
1208,Ohio,1988,559
1598,Virginia,1993,559
868,Missouri,1993,560
1311,Pennsylvania,1986,560
1156,North Carolina,2006,560
1595,Virginia,1990,561
1309,Pennsylvania,1984,561
1132,North Carolina,1982,563
370,Georgia,2010,565
1225,Ohio,2005,565
630,Louisiana,1998,567
1026,New Jersey,1981,567
373,Georgia,2013,567
1150,North Carolina,2000,570
706,Maryland,2006,571
1152,North Carolina,2002,572
1313,Pennsylvania,1988,572
342,Georgia,1982,574
1157,North Carolina,2007,575
361,Georgia,2001,575
1149,North Carolina,1999,575
784,Michigan,2014,576
705,Maryland,2005,576
634,Louisiana,2002,577
690,Maryland,1990,578
615,Louisiana,1983,580
707,Maryland,2007,581
1310,Pennsylvania,1985,581
1597,Virginia,1992,581
372,Georgia,2012,584
369,Georgia,2009,584
691,Maryland,1991,585
621,Louisiana,1989,586
366,Georgia,2006,586
636,Louisiana,2004,586
1158,North Carolina,2008,587
1203,Ohio,1983,589
1139,North Carolina,1989,589
347,Georgia,1987,593
1155,North Carolina,2005,593
1596,Virginia,1991,596
1324,Pennsylvania,1999,596
696,Maryland,1996,598
635,Louisiana,2003,601
362,Georgia,2002,603
1325,Pennsylvania,2000,604
1207,Ohio,1987,605
1599,Virginia,1994,605
780,Michigan,2010,606
639,Louisiana,2007,607
374,Georgia,2014,608
622,Louisiana,1990,611
1308,Pennsylvania,1983,613
694,Maryland,1994,616
368,Georgia,2008,619
695,Maryland,1995,622
1214,Ohio,1994,623
692,Maryland,1992,623
468,Illinois,2003,624
1327,Pennsylvania,2002,625
1130,North Carolina,1980,628
1323,Pennsylvania,1998,628
1213,Ohio,1993,631
1209,Ohio,1989,632
1148,North Carolina,1998,633
1210,Ohio,1990,634
773,Michigan,2003,636
1146,North Carolina,1996,638
1129,New York,2014,642
363,Georgia,2003,643
356,Georgia,1996,644
783,Michigan,2013,645
1339,Pennsylvania,2014,646
779,Michigan,2009,646
465,Illinois,2000,647
1147,North Carolina,1997,647
613,Louisiana,1981,650
775,Michigan,2005,650
1128,New York,2013,651
346,Georgia,1986,652
1326,Pennsylvania,2001,657
355,Georgia,1995,660
1328,Pennsylvania,2003,661
693,Maryland,1993,662
774,Michigan,2004,663
464,Illinois,1999,665
1338,Pennsylvania,2013,667
467,Illinois,2002,668
781,Michigan,2011,668
614,Louisiana,1982,670
777,Michigan,2007,674
771,Michigan,2001,674
629,Louisiana,1997,675
352,Georgia,1992,681
1127,New York,2012,682
1212,Ohio,1992,686
466,Illinois,2001,687
1202,Ohio,1982,689
1336,Pennsylvania,2011,689
624,Louisiana,1992,690
772,Michigan,2002,694
770,Michigan,2000,694
1329,Pennsylvania,2004,696
367,Georgia,2007,696
354,Georgia,1994,699
1335,Pennsylvania,2010,699
1321,Pennsylvania,1996,703
1140,North Carolina,1990,704
1307,Pennsylvania,1982,704
1333,Pennsylvania,2008,705
1145,North Carolina,1995,714
766,Michigan,1996,720
1320,Pennsylvania,1995,725
768,Michigan,1998,727
1142,North Carolina,1992,728
348,Georgia,1988,731
782,Michigan,2012,731
351,Georgia,1991,733
1316,Pennsylvania,1991,733
1319,Pennsylvania,1994,734
776,Michigan,2006,734
350,Georgia,1990,737
628,Louisiana,1996,737
769,Michigan,1999,737
463,Illinois,1998,738
1211,Ohio,1991,738
1322,Pennsylvania,1997,739
1334,Pennsylvania,2009,741
1314,Pennsylvania,1989,745
767,Michigan,1997,746
627,Louisiana,1995,750
1306,Pennsylvania,1981,759
462,Illinois,1997,763
353,Georgia,1993,764
1337,Pennsylvania,2012,766
1126,New York,2011,769
1317,Pennsylvania,1992,772
455,Illinois,1990,773
1141,North Carolina,1991,779
1124,New York,2009,781
1315,Pennsylvania,1990,784
1144,North Carolina,1994,785
1330,Pennsylvania,2005,785
1331,Pennsylvania,2006,790
1332,Pennsylvania,2007,794
1143,North Carolina,1993,796
1201,Ohio,1981,797
1122,New York,2007,800
625,Louisiana,1993,800
461,Illinois,1996,800
349,Georgia,1989,805
325,Florida,2000,815
460,Illinois,1995,821
765,Michigan,1995,834
1318,Pennsylvania,1993,834
1123,New York,2008,838
1305,Pennsylvania,1980,844
451,Illinois,1986,850
1125,New York,2010,863
626,Louisiana,1994,865
1200,Ohio,1980,879
752,Michigan,1982,889
1120,New York,2005,894
754,Michigan,1984,899
1119,New York,2004,902
753,Michigan,1983,902
1117,New York,2002,903
751,Michigan,1981,906
324,Florida,1999,916
1118,New York,2003,917
1114,New York,1999,925
326,Florida,2001,927
1113,New York,1998,931
1121,New York,2006,944
764,Michigan,1994,946
1116,New York,2001,949
1115,New York,2000,956
327,Florida,2002,960
330,Florida,2005,960
750,Michigan,1980,973
763,Michigan,1993,976
328,Florida,2003,976
762,Michigan,1992,985
760,Michigan,1990,997
453,Illinois,1988,1000
329,Florida,2004,1011
458,Illinois,1993,1013
759,Michigan,1989,1016
761,Michigan,1991,1028
758,Michigan,1988,1037
755,Michigan,1985,1066
756,Michigan,1986,1067
322,Florida,1997,1068
323,Florida,1998,1086
454,Illinois,1989,1086
447,Illinois,1982,1108
1112,New York,1997,1113
320,Florida,1995,1114
448,Illinois,1983,1128
338,Florida,2013,1129
335,Florida,2010,1130
336,Florida,2011,1136
757,Michigan,1987,1153
339,Florida,2014,1156
334,Florida,2009,1162
337,Florida,2012,1170
331,Florida,2006,1210
1511,Texas,2011,1217
446,Illinois,1981,1221
459,Illinois,1994,1223
317,Florida,1992,1257
457,Illinois,1992,1262
311,Florida,1983,1262
1512,Texas,2012,1267
1499,Texas,1999,1268
1513,Texas,2013,1272
319,Florida,1994,1278
456,Illinois,1991,1289
333,Florida,2008,1296
313,Florida,1985,1308
1500,Texas,2000,1308
312,Florida,1984,1319
445,Illinois,1980,1323
1514,Texas,2014,1324
318,Florida,1993,1329
332,Florida,2007,1349
1111,New York,1996,1355
1510,Texas,2010,1363
1508,Texas,2008,1368
1502,Texas,2002,1383
1501,Texas,2001,1387
315,Florida,1987,1410
321,Florida,1996,1426
314,Florida,1986,1427
1497,Texas,1997,1428
1504,Texas,2004,1431
1498,Texas,1998,1448
1506,Texas,2006,1464
1509,Texas,2009,1470
1505,Texas,2005,1480
310,Florida,1982,1482
308,Florida,1980,1508
1503,Texas,2003,1510
1507,Texas,2007,1533
1496,Texas,1996,1549
1100,New York,1985,1562
309,Florida,1981,1586
1110,New York,1995,1601
1101,New York,1986,1682
1495,Texas,1995,1733
1096,New York,1981,1818
1099,New York,1984,1829
1482,Texas,1982,1848
173,California,2014,1872
1102,New York,1987,1881
172,California,2013,1930
170,California,2011,1931
169,California,2010,1948
1104,New York,1989,1963
1097,New York,1982,1992
1488,Texas,1988,2009
1487,Texas,1987,2039
171,California,2012,2047
1109,New York,1994,2062
1098,New York,1983,2086
1494,Texas,1994,2121
168,California,2009,2132
158,California,1999,2132
1489,Texas,1989,2142
167,California,2008,2142
1103,New York,1988,2143
1095,New York,1980,2197
1484,Texas,1984,2208
159,California,2000,2219
1485,Texas,1985,2248
1105,New York,1990,2268
1493,Texas,1993,2271
1481,Texas,1981,2293
1486,Texas,1986,2347
1483,Texas,1983,2352
157,California,1998,2353
160,California,2001,2357
1492,Texas,1992,2359
1480,Texas,1980,2402
1106,New York,1991,2411
166,California,2007,2425
1107,New York,1992,2447
1490,Texas,1990,2485
1108,New York,1993,2511
161,California,2002,2549
163,California,2004,2566
162,California,2003,2584
165,California,2006,2649
164,California,2005,2651
1491,Texas,1991,2768
156,California,1997,2773
142,California,1983,2830
140,California,1981,2885
143,California,1984,2888
141,California,1982,2976
144,California,1985,2986
155,California,1996,3101
147,California,1988,3135
146,California,1987,3166
145,California,1986,3260
148,California,1989,3412
139,California,1980,3590
154,California,1995,3760
149,California,1990,3862
153,California,1994,3962
150,California,1991,4146
151,California,1992,4195
152,California,1993,4369
